{"cameraMode":{"drawMode":0,"name":"Shaded","section":"Shading Mode"},"sceneLighting":false,"audioPlay":false,"sceneViewState":{"showFog":true,"showMaterialUpdate":false,"showSkybox":false,"showFlares":true,"showImageEffects":true,"showParticleSystems":true},"in2DMode":false,"pivot":{"x":0.8480560183525086,"y":-4.306682109832764,"z":-19.263927459716798},"rotation":{"x":-0.00245210831053555,"y":0.9879009127616882,"z":-0.15568585693836213,"w":-0.014352010563015938},"size":0.29834744334220889,"orthographic":false}