{"cameraMode":{"drawMode":0,"name":"Shaded","section":"Shading Mode"},"sceneLighting":false,"audioPlay":false,"sceneViewState":{"showFog":true,"showMaterialUpdate":false,"showSkybox":false,"showFlares":true,"showImageEffects":true,"showParticleSystems":true},"in2DMode":false,"pivot":{"x":-3.5762786865234377e-7,"y":0.7702851891517639,"z":-0.006399042904376984},"rotation":{"x":0.07284455001354218,"y":-0.16461625695228578,"z":0.011614874005317688,"w":0.9838771224021912},"size":1.2153351306915284,"orthographic":false}