{"cameraMode":{"drawMode":0,"name":"Shaded","section":"Shading Mode"},"sceneLighting":false,"audioPlay":false,"sceneViewState":{"showFog":true,"showMaterialUpdate":false,"showSkybox":false,"showFlares":true,"showImageEffects":true,"showParticleSystems":true},"in2DMode":false,"pivot":{"x":-5.960464477539063e-7,"y":0.7523661851882935,"z":0.010212443768978119},"rotation":{"x":0.07284455001354218,"y":-0.16461625695228578,"z":0.011614874005317688,"w":0.9838771224021912},"size":1.221714973449707,"orthographic":false}