{"cameraMode":{"drawMode":0,"name":"Shaded","section":"Shading Mode"},"sceneLighting":false,"audioPlay":false,"sceneViewState":{"showFog":true,"showMaterialUpdate":false,"showSkybox":false,"showFlares":true,"showImageEffects":true,"showParticleSystems":true},"in2DMode":false,"pivot":{"x":-4.172325134277344e-7,"y":0.7804239988327026,"z":0.005173005163669586},"rotation":{"x":0.07284455001354218,"y":-0.16461625695228578,"z":0.011614874005317688,"w":0.9838771224021912},"size":1.2339729070663453,"orthographic":false}